{
	"ambientocclusion": false,
	"textures": {
		"0": "block/planks_cherry_fence",
		"2": "block/planks_cherry_fence1",
		"particle": "block/planks_cherry_basic"
	},
	"elements": [
		{
			"from": [6, 0, 6],
			"to": [10, 16, 10],
			"faces": {
				"north": {"uv": [12, 0, 16, 16], "texture": "#2"},
				"east": {"uv": [12, 0, 16, 16], "texture": "#2"},
				"south": {"uv": [12, 0, 16, 16], "texture": "#2"},
				"west": {"uv": [12, 0, 16, 16], "texture": "#2"},
				"up": {"uv": [0, 6, 4, 10], "texture": "#0"},
				"down": {"uv": [0, 6, 4, 10], "texture": "#0", "cullface": "down"}
			}
		},
		{
			"from": [6.5, 17, 6.5],
			"to": [9.5, 17.5, 9.5],
			"faces": {
				"north": {"uv": [4, 13, 4.5, 16], "rotation": 90, "texture": "#0", "cullface": "up"},
				"east": {"uv": [4, 13, 4.5, 16], "rotation": 90, "texture": "#0", "cullface": "up"},
				"south": {"uv": [4, 13, 4.5, 16], "rotation": 90, "texture": "#0", "cullface": "up"},
				"west": {"uv": [4, 13, 4.5, 16], "rotation": 90, "texture": "#0", "cullface": "up"}
			}
		},
		{
			"from": [6, 17.5, 6],
			"to": [10, 18.95, 10],
			"faces": {
				"north": {"uv": [0, 6, 4, 7.5], "texture": "#0", "cullface": "up"},
				"east": {"uv": [0, 6, 4, 7.5], "texture": "#0", "cullface": "up"},
				"south": {"uv": [0, 6, 4, 7.5], "texture": "#0", "cullface": "up"},
				"west": {"uv": [0, 6, 4, 7.5], "texture": "#0", "cullface": "up"},
				"up": {"uv": [0, 6, 4, 10], "texture": "#0", "cullface": "up"},
				"down": {"uv": [0, 6, 4, 10], "texture": "#0", "cullface": "up"}
			}
		},
		{
			"from": [6, 16, 6],
			"to": [10, 17, 10],
			"faces": {
				"north": {"uv": [0, 6, 4, 7], "texture": "#0", "cullface": "up"},
				"east": {"uv": [0, 6, 4, 7], "texture": "#0", "cullface": "up"},
				"south": {"uv": [0, 6, 4, 7], "texture": "#0", "cullface": "up"},
				"west": {"uv": [0, 6, 4, 7], "texture": "#0", "cullface": "up"},
				"up": {"uv": [0, 6, 4, 10], "texture": "#0", "cullface": "up"}
			}
		}
	]
}